model,policy,z,scope,group,fill_rate,stockout_units,excess_units,stockout_skumonth_rate,excess_per_unit_shortage,n_rows
B1_last_month,forecast_only,1.280000,overall,all,0.669546,723296.000000,532116.000000,0.429064,0.735682,16529
B1_last_month,forecast_only,1.280000,month,2011-06,0.711190,78579.000000,96841.000000,0.394294,1.232403,2734
B1_last_month,forecast_only,1.280000,month,2011-07,0.723893,75826.000000,80140.000000,0.409209,1.056893,2693
B1_last_month,forecast_only,1.280000,month,2011-08,0.688115,89909.000000,83023.000000,0.352314,0.923411,2722
B1_last_month,forecast_only,1.280000,month,2011-09,0.589408,163768.000000,71295.000000,0.461069,0.435341,2787
B1_last_month,forecast_only,1.280000,month,2011-10,0.698255,128738.000000,109363.000000,0.422790,0.849501,2817
B1_last_month,forecast_only,1.280000,month,2011-11,0.647032,186476.000000,91454.000000,0.532061,0.490433,2776
B1_last_month,forecast_only,1.280000,abc,A,0.708958,458024.000000,351919.000000,0.492350,0.768342,4771
B1_last_month,forecast_only,1.280000,abc,B,0.594115,171053.000000,103977.000000,0.451192,0.607864,4825
B1_last_month,forecast_only,1.280000,abc,C,0.513384,94219.000000,76220.000000,0.370114,0.808966,6933
B1_last_month,forecast_only,1.645000,overall,all,0.669546,723296.000000,532116.000000,0.429064,0.735682,16529
B1_last_month,forecast_only,1.645000,month,2011-06,0.711190,78579.000000,96841.000000,0.394294,1.232403,2734
B1_last_month,forecast_only,1.645000,month,2011-07,0.723893,75826.000000,80140.000000,0.409209,1.056893,2693
B1_last_month,forecast_only,1.645000,month,2011-08,0.688115,89909.000000,83023.000000,0.352314,0.923411,2722
B1_last_month,forecast_only,1.645000,month,2011-09,0.589408,163768.000000,71295.000000,0.461069,0.435341,2787
B1_last_month,forecast_only,1.645000,month,2011-10,0.698255,128738.000000,109363.000000,0.422790,0.849501,2817
B1_last_month,forecast_only,1.645000,month,2011-11,0.647032,186476.000000,91454.000000,0.532061,0.490433,2776
B1_last_month,forecast_only,1.645000,abc,A,0.708958,458024.000000,351919.000000,0.492350,0.768342,4771
B1_last_month,forecast_only,1.645000,abc,B,0.594115,171053.000000,103977.000000,0.451192,0.607864,4825
B1_last_month,forecast_only,1.645000,abc,C,0.513384,94219.000000,76220.000000,0.370114,0.808966,6933
B1_last_month,forecast_only,2.050000,overall,all,0.669546,723296.000000,532116.000000,0.429064,0.735682,16529
B1_last_month,forecast_only,2.050000,month,2011-06,0.711190,78579.000000,96841.000000,0.394294,1.232403,2734
B1_last_month,forecast_only,2.050000,month,2011-07,0.723893,75826.000000,80140.000000,0.409209,1.056893,2693
B1_last_month,forecast_only,2.050000,month,2011-08,0.688115,89909.000000,83023.000000,0.352314,0.923411,2722
B1_last_month,forecast_only,2.050000,month,2011-09,0.589408,163768.000000,71295.000000,0.461069,0.435341,2787
B1_last_month,forecast_only,2.050000,month,2011-10,0.698255,128738.000000,109363.000000,0.422790,0.849501,2817
B1_last_month,forecast_only,2.050000,month,2011-11,0.647032,186476.000000,91454.000000,0.532061,0.490433,2776
B1_last_month,forecast_only,2.050000,abc,A,0.708958,458024.000000,351919.000000,0.492350,0.768342,4771
B1_last_month,forecast_only,2.050000,abc,B,0.594115,171053.000000,103977.000000,0.451192,0.607864,4825
B1_last_month,forecast_only,2.050000,abc,C,0.513384,94219.000000,76220.000000,0.370114,0.808966,6933
B1_last_month,forecast_plus_ss,1.280000,overall,all,0.856799,313437.000000,1726902.000000,0.149313,5.509567,16529
B1_last_month,forecast_plus_ss,1.280000,month,2011-06,0.889793,29985.000000,309470.000000,0.115582,10.320827,2734
B1_last_month,forecast_plus_ss,1.280000,month,2011-07,0.911221,24381.000000,296293.000000,0.124768,12.152619,2693
B1_last_month,forecast_plus_ss,1.280000,month,2011-08,0.904807,27442.000000,282025.000000,0.095885,10.277130,2722
B1_last_month,forecast_plus_ss,1.280000,month,2011-09,0.798435,80396.000000,254520.000000,0.184069,3.165829,2787
B1_last_month,forecast_plus_ss,1.280000,month,2011-10,0.843619,66719.000000,318947.000000,0.154420,4.780452,2817
B1_last_month,forecast_plus_ss,1.280000,month,2011-11,0.840029,84514.000000,265647.000000,0.218660,3.143231,2776
B1_last_month,forecast_plus_ss,1.280000,abc,A,0.896701,162566.000000,1225538.000000,0.138545,7.538710,4771
B1_last_month,forecast_plus_ss,1.280000,abc,B,0.785704,90311.000000,334954.000000,0.148187,3.708895,4825
B1_last_month,forecast_plus_ss,1.280000,abc,C,0.687224,60560.000000,166410.000000,0.157508,2.747853,6933
B1_last_month,forecast_plus_ss,1.645000,overall,all,0.878041,266943.000000,2136719.000000,0.119608,8.004402,16529
B1_last_month,forecast_plus_ss,1.645000,month,2011-06,0.905546,25699.000000,379495.000000,0.092538,14.766917,2734
B1_last_month,forecast_plus_ss,1.645000,month,2011-07,0.927213,19989.000000,368005.000000,0.095804,18.410376,2693
B1_last_month,forecast_plus_ss,1.645000,month,2011-08,0.925263,21545.000000,350475.000000,0.072373,16.267115,2722
B1_last_month,forecast_plus_ss,1.645000,month,2011-09,0.821934,71023.000000,320972.000000,0.151417,4.519268,2787
B1_last_month,forecast_plus_ss,1.645000,month,2011-10,0.863315,58316.000000,387765.000000,0.128506,6.649376,2817
B1_last_month,forecast_plus_ss,1.645000,month,2011-11,0.866800,70371.000000,330007.000000,0.174712,4.689531,2776
B1_last_month,forecast_plus_ss,1.645000,abc,A,0.916434,131511.000000,1527168.000000,0.101656,11.612473,4771
B1_last_month,forecast_plus_ss,1.645000,abc,B,0.810705,79775.000000,412620.000000,0.120000,5.172297,4825
B1_last_month,forecast_plus_ss,1.645000,abc,C,0.712547,55657.000000,196931.000000,0.131689,3.538297,6933
B1_last_month,forecast_plus_ss,2.050000,overall,all,0.895010,229801.000000,2606482.000000,0.099280,11.342344,16529
B1_last_month,forecast_plus_ss,2.050000,month,2011-06,0.918013,22307.000000,458513.000000,0.074616,20.554669,2734
B1_last_month,forecast_plus_ss,2.050000,month,2011-07,0.937500,17164.000000,449839.000000,0.078351,26.208285,2693
B1_last_month,forecast_plus_ss,2.050000,month,2011-08,0.942232,16653.000000,428104.000000,0.059515,25.707320,2722
B1_last_month,forecast_plus_ss,2.050000,month,2011-09,0.841811,63095.000000,397341.000000,0.128095,6.297504,2787
B1_last_month,forecast_plus_ss,2.050000,month,2011-10,0.879033,51610.000000,466761.000000,0.107916,9.044003,2817
B1_last_month,forecast_plus_ss,2.050000,month,2011-11,0.888376,58972.000000,405924.000000,0.145173,6.883334,2776
B1_last_month,forecast_plus_ss,2.050000,abc,A,0.931368,108009.000000,1872818.000000,0.081953,17.339462,4771
B1_last_month,forecast_plus_ss,2.050000,abc,B,0.832597,70549.000000,501460.000000,0.098860,7.107968,4825
B1_last_month,forecast_plus_ss,2.050000,abc,C,0.735344,51243.000000,232204.000000,0.111496,4.531429,6933
B2_ma3,forecast_only,1.280000,overall,all,0.655346,754376.000000,446805.000000,0.390768,0.592284,16529
B2_ma3,forecast_only,1.280000,month,2011-06,0.719603,76290.000000,87527.000000,0.347110,1.147293,2734
B2_ma3,forecast_only,1.280000,month,2011-07,0.737755,72019.000000,75127.000000,0.371333,1.043155,2693
B2_ma3,forecast_only,1.280000,month,2011-08,0.728885,78156.000000,80835.000000,0.317781,1.034278,2722
B2_ma3,forecast_only,1.280000,month,2011-09,0.604448,157769.000000,58953.000000,0.406889,0.373667,2787
B2_ma3,forecast_only,1.280000,month,2011-10,0.614387,164520.000000,78126.000000,0.398296,0.474872,2817
B2_ma3,forecast_only,1.280000,month,2011-11,0.610792,205622.000000,66237.000000,0.500360,0.322130,2776
B2_ma3,forecast_only,1.280000,abc,A,0.707098,460952.000000,286210.000000,0.460071,0.620911,4771
B2_ma3,forecast_only,1.280000,abc,B,0.533313,196677.000000,94920.000000,0.420725,0.482619,4825
B2_ma3,forecast_only,1.280000,abc,C,0.500328,96747.000000,65675.000000,0.322227,0.678832,6933
B2_ma3,forecast_only,1.645000,overall,all,0.655346,754376.000000,446805.000000,0.390768,0.592284,16529
B2_ma3,forecast_only,1.645000,month,2011-06,0.719603,76290.000000,87527.000000,0.347110,1.147293,2734
B2_ma3,forecast_only,1.645000,month,2011-07,0.737755,72019.000000,75127.000000,0.371333,1.043155,2693
B2_ma3,forecast_only,1.645000,month,2011-08,0.728885,78156.000000,80835.000000,0.317781,1.034278,2722
B2_ma3,forecast_only,1.645000,month,2011-09,0.604448,157769.000000,58953.000000,0.406889,0.373667,2787
B2_ma3,forecast_only,1.645000,month,2011-10,0.614387,164520.000000,78126.000000,0.398296,0.474872,2817
B2_ma3,forecast_only,1.645000,month,2011-11,0.610792,205622.000000,66237.000000,0.500360,0.322130,2776
B2_ma3,forecast_only,1.645000,abc,A,0.707098,460952.000000,286210.000000,0.460071,0.620911,4771
B2_ma3,forecast_only,1.645000,abc,B,0.533313,196677.000000,94920.000000,0.420725,0.482619,4825
B2_ma3,forecast_only,1.645000,abc,C,0.500328,96747.000000,65675.000000,0.322227,0.678832,6933
B2_ma3,forecast_only,2.050000,overall,all,0.655346,754376.000000,446805.000000,0.390768,0.592284,16529
B2_ma3,forecast_only,2.050000,month,2011-06,0.719603,76290.000000,87527.000000,0.347110,1.147293,2734
B2_ma3,forecast_only,2.050000,month,2011-07,0.737755,72019.000000,75127.000000,0.371333,1.043155,2693
B2_ma3,forecast_only,2.050000,month,2011-08,0.728885,78156.000000,80835.000000,0.317781,1.034278,2722
B2_ma3,forecast_only,2.050000,month,2011-09,0.604448,157769.000000,58953.000000,0.406889,0.373667,2787
B2_ma3,forecast_only,2.050000,month,2011-10,0.614387,164520.000000,78126.000000,0.398296,0.474872,2817
B2_ma3,forecast_only,2.050000,month,2011-11,0.610792,205622.000000,66237.000000,0.500360,0.322130,2776
B2_ma3,forecast_only,2.050000,abc,A,0.707098,460952.000000,286210.000000,0.460071,0.620911,4771
B2_ma3,forecast_only,2.050000,abc,B,0.533313,196677.000000,94920.000000,0.420725,0.482619,4825
B2_ma3,forecast_only,2.050000,abc,C,0.500328,96747.000000,65675.000000,0.322227,0.678832,6933
B2_ma3,forecast_plus_ss,1.280000,overall,all,0.857661,311550.000000,1764574.000000,0.136790,5.663855,16529
B2_ma3,forecast_plus_ss,1.280000,month,2011-06,0.883758,31627.000000,329585.000000,0.106072,10.421001,2734
B2_ma3,forecast_plus_ss,1.280000,month,2011-07,0.901950,26927.000000,321144.000000,0.115113,11.926468,2693
B2_ma3,forecast_plus_ss,1.280000,month,2011-08,0.924447,21780.000000,305612.000000,0.081925,14.031772,2722
B2_ma3,forecast_plus_ss,1.280000,month,2011-09,0.842250,62920.000000,259977.000000,0.160746,4.131866,2787
B2_ma3,forecast_plus_ss,1.280000,month,2011-10,0.822986,75522.000000,291872.000000,0.146965,3.864728,2817
B2_ma3,forecast_plus_ss,1.280000,month,2011-11,0.824394,92774.000000,256384.000000,0.207493,2.763533,2776
B2_ma3,forecast_plus_ss,1.280000,abc,A,0.903011,152635.000000,1212160.000000,0.128904,7.941560,4771
B2_ma3,forecast_plus_ss,1.280000,abc,B,0.770286,96809.000000,373614.000000,0.140933,3.859290,4825
B2_ma3,forecast_plus_ss,1.280000,abc,C,0.679239,62106.000000,178800.000000,0.139334,2.878949,6933
B2_ma3,forecast_plus_ss,1.645000,overall,all,0.882917,256271.000000,2210581.000000,0.113134,8.625951,16529
B2_ma3,forecast_plus_ss,1.645000,month,2011-06,0.900463,27082.000000,406728.000000,0.087783,15.018389,2734
B2_ma3,forecast_plus_ss,1.645000,month,2011-07,0.918951,22258.000000,399346.000000,0.095433,17.941684,2693
B2_ma3,forecast_plus_ss,1.645000,month,2011-08,0.942506,16574.000000,380429.000000,0.063556,22.953361,2722
B2_ma3,forecast_plus_ss,1.645000,month,2011-09,0.872684,50781.000000,332122.000000,0.133836,6.540281,2787
B2_ma3,forecast_plus_ss,1.645000,month,2011-10,0.851047,63550.000000,366041.000000,0.122826,5.759890,2817
B2_ma3,forecast_plus_ss,1.645000,month,2011-11,0.856096,76026.000000,325915.000000,0.173271,4.286889,2776
B2_ma3,forecast_plus_ss,1.645000,abc,A,0.925779,116804.000000,1528073.000000,0.099979,13.082369,4771
B2_ma3,forecast_plus_ss,1.645000,abc,B,0.803157,82956.000000,467406.000000,0.114197,5.634384,4825
B2_ma3,forecast_plus_ss,1.645000,abc,C,0.708136,56511.000000,215102.000000,0.121448,3.806374,6933
B2_ma3,forecast_plus_ss,2.050000,overall,all,0.903947,210241.000000,2721070.000000,0.089237,12.942623,16529
B2_ma3,forecast_plus_ss,2.050000,month,2011-06,0.913974,23406.000000,493653.000000,0.070958,21.090874,2734
B2_ma3,forecast_plus_ss,2.050000,month,2011-07,0.934190,18073.000000,487224.000000,0.076495,26.958668,2693
B2_ma3,forecast_plus_ss,2.050000,month,2011-08,0.955810,12739.000000,465430.000000,0.047024,36.535835,2722
B2_ma3,forecast_plus_ss,2.050000,month,2011-09,0.898114,40638.000000,415545.000000,0.109795,10.225528,2787
B2_ma3,forecast_plus_ss,2.050000,month,2011-10,0.873738,53869.000000,452019.000000,0.096202,8.391078,2817
B2_ma3,forecast_plus_ss,2.050000,month,2011-11,0.883561,61516.000000,407199.000000,0.133285,6.619400,2776
B2_ma3,forecast_plus_ss,2.050000,abc,A,0.944322,87623.000000,1889169.000000,0.075456,21.560195,4771
B2_ma3,forecast_plus_ss,2.050000,abc,B,0.830590,71395.000000,575362.000000,0.087461,8.058856,4825
B2_ma3,forecast_plus_ss,2.050000,abc,C,0.735447,51223.000000,256539.000000,0.099957,5.008278,6933
B3_seasonal_naive,forecast_only,1.280000,overall,all,0.727204,597094.000000,1363857.000000,0.317200,2.284158,16529
B3_seasonal_naive,forecast_only,1.280000,month,2011-06,0.739304,70930.000000,187328.000000,0.286394,2.641026,2734
B3_seasonal_naive,forecast_only,1.280000,month,2011-07,0.667467,91322.000000,135360.000000,0.374304,1.482228,2693
B3_seasonal_naive,forecast_only,1.280000,month,2011-08,0.694525,88061.000000,223940.000000,0.315944,2.543010,2722
B3_seasonal_naive,forecast_only,1.280000,month,2011-09,0.711933,114898.000000,253071.000000,0.335486,2.202571,2787
B3_seasonal_naive,forecast_only,1.280000,month,2011-10,0.742219,109981.000000,269289.000000,0.281505,2.448505,2817
B3_seasonal_naive,forecast_only,1.280000,month,2011-11,0.769260,121902.000000,294869.000000,0.311239,2.418902,2776
B3_seasonal_naive,forecast_only,1.280000,abc,A,0.815430,290465.000000,902685.000000,0.269755,3.107724,4771
B3_seasonal_naive,forecast_only,1.280000,abc,B,0.593659,171245.000000,348312.000000,0.316477,2.033998,4825
B3_seasonal_naive,forecast_only,1.280000,abc,C,0.300778,135384.000000,112860.000000,0.350353,0.833629,6933
B3_seasonal_naive,forecast_only,1.645000,overall,all,0.727204,597094.000000,1363857.000000,0.317200,2.284158,16529
B3_seasonal_naive,forecast_only,1.645000,month,2011-06,0.739304,70930.000000,187328.000000,0.286394,2.641026,2734
B3_seasonal_naive,forecast_only,1.645000,month,2011-07,0.667467,91322.000000,135360.000000,0.374304,1.482228,2693
B3_seasonal_naive,forecast_only,1.645000,month,2011-08,0.694525,88061.000000,223940.000000,0.315944,2.543010,2722
B3_seasonal_naive,forecast_only,1.645000,month,2011-09,0.711933,114898.000000,253071.000000,0.335486,2.202571,2787
B3_seasonal_naive,forecast_only,1.645000,month,2011-10,0.742219,109981.000000,269289.000000,0.281505,2.448505,2817
B3_seasonal_naive,forecast_only,1.645000,month,2011-11,0.769260,121902.000000,294869.000000,0.311239,2.418902,2776
B3_seasonal_naive,forecast_only,1.645000,abc,A,0.815430,290465.000000,902685.000000,0.269755,3.107724,4771
B3_seasonal_naive,forecast_only,1.645000,abc,B,0.593659,171245.000000,348312.000000,0.316477,2.033998,4825
B3_seasonal_naive,forecast_only,1.645000,abc,C,0.300778,135384.000000,112860.000000,0.350353,0.833629,6933
B3_seasonal_naive,forecast_only,2.050000,overall,all,0.727204,597094.000000,1363857.000000,0.317200,2.284158,16529
B3_seasonal_naive,forecast_only,2.050000,month,2011-06,0.739304,70930.000000,187328.000000,0.286394,2.641026,2734
B3_seasonal_naive,forecast_only,2.050000,month,2011-07,0.667467,91322.000000,135360.000000,0.374304,1.482228,2693
B3_seasonal_naive,forecast_only,2.050000,month,2011-08,0.694525,88061.000000,223940.000000,0.315944,2.543010,2722
B3_seasonal_naive,forecast_only,2.050000,month,2011-09,0.711933,114898.000000,253071.000000,0.335486,2.202571,2787
B3_seasonal_naive,forecast_only,2.050000,month,2011-10,0.742219,109981.000000,269289.000000,0.281505,2.448505,2817
B3_seasonal_naive,forecast_only,2.050000,month,2011-11,0.769260,121902.000000,294869.000000,0.311239,2.418902,2776
B3_seasonal_naive,forecast_only,2.050000,abc,A,0.815430,290465.000000,902685.000000,0.269755,3.107724,4771
B3_seasonal_naive,forecast_only,2.050000,abc,B,0.593659,171245.000000,348312.000000,0.316477,2.033998,4825
B3_seasonal_naive,forecast_only,2.050000,abc,C,0.300778,135384.000000,112860.000000,0.350353,0.833629,6933
B3_seasonal_naive,forecast_plus_ss,1.280000,overall,all,0.850730,326721.000000,2587314.000000,0.138000,7.919032,16529
B3_seasonal_naive,forecast_plus_ss,1.280000,month,2011-06,0.859225,38302.000000,383174.000000,0.123628,10.004021,2734
B3_seasonal_naive,forecast_plus_ss,1.280000,month,2011-07,0.834724,45389.000000,333113.000000,0.161901,7.339069,2693
B3_seasonal_naive,forecast_plus_ss,1.280000,month,2011-08,0.855777,41576.000000,416744.000000,0.113887,10.023668,2722
B3_seasonal_naive,forecast_plus_ss,1.280000,month,2011-09,0.843706,62339.000000,452559.000000,0.161823,7.259645,2787
B3_seasonal_naive,forecast_plus_ss,1.280000,month,2011-10,0.844306,66426.000000,486490.000000,0.118921,7.323789,2817
B3_seasonal_naive,forecast_plus_ss,1.280000,month,2011-11,0.862412,72689.000000,515234.000000,0.148055,7.088198,2776
B3_seasonal_naive,forecast_plus_ss,1.280000,abc,A,0.916607,131239.000000,1795767.000000,0.092224,13.683181,4771
B3_seasonal_naive,forecast_plus_ss,1.280000,abc,B,0.751319,104802.000000,586332.000000,0.131606,5.594664,4825
B3_seasonal_naive,forecast_plus_ss,1.280000,abc,C,0.531662,90680.000000,205215.000000,0.173951,2.263068,6933
B3_seasonal_naive,forecast_plus_ss,1.645000,overall,all,0.867637,289715.000000,2974648.000000,0.116280,10.267497,16529
B3_seasonal_naive,forecast_plus_ss,1.645000,month,2011-06,0.876477,33608.000000,443358.000000,0.103877,13.192038,2734
B3_seasonal_naive,forecast_plus_ss,1.645000,month,2011-07,0.856255,39476.000000,396353.000000,0.135165,10.040354,2693
B3_seasonal_naive,forecast_plus_ss,1.645000,month,2011-08,0.877021,35452.000000,478653.000000,0.097355,13.501439,2722
B3_seasonal_naive,forecast_plus_ss,1.645000,month,2011-09,0.862224,54953.000000,516878.000000,0.139218,9.405820,2787
B3_seasonal_naive,forecast_plus_ss,1.645000,month,2011-10,0.857073,60979.000000,555115.000000,0.099042,9.103380,2817
B3_seasonal_naive,forecast_plus_ss,1.645000,month,2011-11,0.876498,65247.000000,584291.000000,0.123199,8.955063,2776
B3_seasonal_naive,forecast_plus_ss,1.645000,abc,A,0.929520,110917.000000,2074813.000000,0.075665,18.705996,4771
B3_seasonal_naive,forecast_plus_ss,1.645000,abc,B,0.773423,95487.000000,663024.000000,0.108394,6.943605,4825
B3_seasonal_naive,forecast_plus_ss,1.645000,abc,C,0.569721,83311.000000,236811.000000,0.149719,2.842494,6933
B3_seasonal_naive,forecast_plus_ss,2.050000,overall,all,0.882662,256828.000000,3413415.000000,0.100490,13.290665,16529
B3_seasonal_naive,forecast_plus_ss,2.050000,month,2011-06,0.890260,29858.000000,511630.000000,0.087052,17.135441,2734
B3_seasonal_naive,forecast_plus_ss,2.050000,month,2011-07,0.874228,34540.000000,468535.000000,0.120683,13.564997,2693
B3_seasonal_naive,forecast_plus_ss,2.050000,month,2011-08,0.896564,29818.000000,548489.000000,0.082292,18.394560,2722
B3_seasonal_naive,forecast_plus_ss,2.050000,month,2011-09,0.879240,48166.000000,589662.000000,0.119842,12.242287,2787
B3_seasonal_naive,forecast_plus_ss,2.050000,month,2011-10,0.868870,55946.000000,632254.000000,0.084487,11.301148,2817
B3_seasonal_naive,forecast_plus_ss,2.050000,month,2011-11,0.889269,58500.000000,662845.000000,0.108790,11.330684,2776
B3_seasonal_naive,forecast_plus_ss,2.050000,abc,A,0.941275,92418.000000,2388329.000000,0.062461,25.842682,4771
B3_seasonal_naive,forecast_plus_ss,2.050000,abc,B,0.791959,87675.000000,750813.000000,0.095130,8.563593,4825
B3_seasonal_naive,forecast_plus_ss,2.050000,abc,C,0.603685,76735.000000,274273.000000,0.130391,3.574288,6933
M1_linear,forecast_only,1.280000,overall,all,0.630971,807727.000000,426290.000000,0.355375,0.527765,16529
M1_linear,forecast_only,1.280000,month,2011-06,0.671992,89244.000000,72207.000000,0.348574,0.809096,2734
M1_linear,forecast_only,1.280000,month,2011-07,0.693375,84207.000000,58609.000000,0.403268,0.696011,2693
M1_linear,forecast_only,1.280000,month,2011-08,0.705595,84870.000000,80070.000000,0.293534,0.943443,2722
M1_linear,forecast_only,1.280000,month,2011-09,0.585945,165149.000000,65455.000000,0.351991,0.396339,2787
M1_linear,forecast_only,1.280000,month,2011-10,0.598324,171373.000000,78068.000000,0.363152,0.455544,2817
M1_linear,forecast_only,1.280000,month,2011-11,0.597046,212884.000000,71881.000000,0.371758,0.337653,2776
M1_linear,forecast_only,1.280000,abc,A,0.686605,493202.000000,238908.000000,0.430518,0.484402,4771
M1_linear,forecast_only,1.280000,abc,B,0.499905,210756.000000,74651.000000,0.430881,0.354206,4825
M1_linear,forecast_only,1.280000,abc,C,0.464061,103769.000000,112731.000000,0.251118,1.086365,6933
M1_linear,forecast_only,1.645000,overall,all,0.630971,807727.000000,426290.000000,0.355375,0.527765,16529
M1_linear,forecast_only,1.645000,month,2011-06,0.671992,89244.000000,72207.000000,0.348574,0.809096,2734
M1_linear,forecast_only,1.645000,month,2011-07,0.693375,84207.000000,58609.000000,0.403268,0.696011,2693
M1_linear,forecast_only,1.645000,month,2011-08,0.705595,84870.000000,80070.000000,0.293534,0.943443,2722
M1_linear,forecast_only,1.645000,month,2011-09,0.585945,165149.000000,65455.000000,0.351991,0.396339,2787
M1_linear,forecast_only,1.645000,month,2011-10,0.598324,171373.000000,78068.000000,0.363152,0.455544,2817
M1_linear,forecast_only,1.645000,month,2011-11,0.597046,212884.000000,71881.000000,0.371758,0.337653,2776
M1_linear,forecast_only,1.645000,abc,A,0.686605,493202.000000,238908.000000,0.430518,0.484402,4771
M1_linear,forecast_only,1.645000,abc,B,0.499905,210756.000000,74651.000000,0.430881,0.354206,4825
M1_linear,forecast_only,1.645000,abc,C,0.464061,103769.000000,112731.000000,0.251118,1.086365,6933
M1_linear,forecast_only,2.050000,overall,all,0.630971,807727.000000,426290.000000,0.355375,0.527765,16529
M1_linear,forecast_only,2.050000,month,2011-06,0.671992,89244.000000,72207.000000,0.348574,0.809096,2734
M1_linear,forecast_only,2.050000,month,2011-07,0.693375,84207.000000,58609.000000,0.403268,0.696011,2693
M1_linear,forecast_only,2.050000,month,2011-08,0.705595,84870.000000,80070.000000,0.293534,0.943443,2722
M1_linear,forecast_only,2.050000,month,2011-09,0.585945,165149.000000,65455.000000,0.351991,0.396339,2787
M1_linear,forecast_only,2.050000,month,2011-10,0.598324,171373.000000,78068.000000,0.363152,0.455544,2817
M1_linear,forecast_only,2.050000,month,2011-11,0.597046,212884.000000,71881.000000,0.371758,0.337653,2776
M1_linear,forecast_only,2.050000,abc,A,0.686605,493202.000000,238908.000000,0.430518,0.484402,4771
M1_linear,forecast_only,2.050000,abc,B,0.499905,210756.000000,74651.000000,0.430881,0.354206,4825
M1_linear,forecast_only,2.050000,abc,C,0.464061,103769.000000,112731.000000,0.251118,1.086365,6933
M1_linear,forecast_plus_ss,1.280000,overall,all,0.845811,337488.000000,1724834.000000,0.108113,5.110801,16529
M1_linear,forecast_plus_ss,1.280000,month,2011-06,0.876951,33479.000000,304590.000000,0.085589,9.097942,2734
M1_linear,forecast_plus_ss,1.280000,month,2011-07,0.888630,30585.000000,294626.000000,0.103973,9.633023,2693
M1_linear,forecast_plus_ss,1.280000,month,2011-08,0.905736,27174.000000,303657.000000,0.070169,11.174542,2722
M1_linear,forecast_plus_ss,1.280000,month,2011-09,0.839223,64127.000000,262071.000000,0.124148,4.086750,2787
M1_linear,forecast_plus_ss,1.280000,month,2011-10,0.805349,83047.000000,293471.000000,0.118921,3.533794,2817
M1_linear,forecast_plus_ss,1.280000,month,2011-11,0.812466,99076.000000,266419.000000,0.144452,2.689037,2776
M1_linear,forecast_plus_ss,1.280000,abc,A,0.897632,161101.000000,1090628.000000,0.119053,6.769840,4771
M1_linear,forecast_plus_ss,1.280000,abc,B,0.736484,111054.000000,332871.000000,0.137617,2.997380,4825
M1_linear,forecast_plus_ss,1.280000,abc,C,0.662573,65333.000000,301335.000000,0.080052,4.612294,6933
M1_linear,forecast_plus_ss,1.645000,overall,all,0.872586,278883.000000,2170269.000000,0.084579,7.782005,16529
M1_linear,forecast_plus_ss,1.645000,month,2011-06,0.897710,27831.000000,381034.000000,0.064009,13.690992,2734
M1_linear,forecast_plus_ss,1.645000,month,2011-07,0.907805,25319.000000,371887.000000,0.083179,14.688060,2693
M1_linear,forecast_plus_ss,1.645000,month,2011-08,0.925193,21565.000000,378190.000000,0.054004,17.537213,2722
M1_linear,forecast_plus_ss,1.645000,month,2011-09,0.871017,51446.000000,334216.000000,0.092573,6.496443,2787
M1_linear,forecast_plus_ss,1.645000,month,2011-10,0.832568,71434.000000,368422.000000,0.095137,5.157516,2817
M1_linear,forecast_plus_ss,1.645000,month,2011-11,0.846136,81288.000000,336520.000000,0.117435,4.139848,2776
M1_linear,forecast_plus_ss,1.645000,abc,A,0.922291,122293.000000,1389305.000000,0.090966,11.360462,4771
M1_linear,forecast_plus_ss,1.645000,abc,B,0.769854,96991.000000,420727.000000,0.110881,4.337794,4825
M1_linear,forecast_plus_ss,1.645000,abc,C,0.692187,59599.000000,360237.000000,0.061878,6.044346,6933
M1_linear,forecast_plus_ss,2.050000,overall,all,0.894453,231021.000000,2681904.000000,0.066852,11.608919,16529
M1_linear,forecast_plus_ss,2.050000,month,2011-06,0.914091,23374.000000,467693.000000,0.051573,20.009113,2734
M1_linear,forecast_plus_ss,2.050000,month,2011-07,0.922960,21157.000000,459386.000000,0.062384,21.713192,2693
M1_linear,forecast_plus_ss,2.050000,month,2011-08,0.942295,16635.000000,462225.000000,0.043718,27.786294,2722
M1_linear,forecast_plus_ss,2.050000,month,2011-09,0.894516,42073.000000,419013.000000,0.074273,9.959190,2787
M1_linear,forecast_plus_ss,2.050000,month,2011-10,0.855240,61761.000000,454768.000000,0.079162,7.363352,2817
M1_linear,forecast_plus_ss,2.050000,month,2011-11,0.875033,66021.000000,418819.000000,0.088977,6.343724,2776
M1_linear,forecast_plus_ss,2.050000,abc,A,0.941863,91493.000000,1733098.000000,0.064976,18.942411,4771
M1_linear,forecast_plus_ss,2.050000,abc,B,0.798727,84823.000000,521761.000000,0.091606,6.151174,4825
M1_linear,forecast_plus_ss,2.050000,abc,C,0.717463,54705.000000,427045.000000,0.050916,7.806325,6933
M2_gbm_poisson,forecast_only,1.280000,overall,all,0.733114,584159.000000,604495.000000,0.251921,1.034812,16529
M2_gbm_poisson,forecast_only,1.280000,month,2011-06,0.736481,71698.000000,89780.000000,0.237015,1.252197,2734
M2_gbm_poisson,forecast_only,1.280000,month,2011-07,0.748049,69192.000000,66630.000000,0.275158,0.962973,2693
M2_gbm_poisson,forecast_only,1.280000,month,2011-08,0.772811,65493.000000,105352.000000,0.177443,1.608599,2722
M2_gbm_poisson,forecast_only,1.280000,month,2011-09,0.670805,131302.000000,88904.000000,0.275565,0.677096,2787
M2_gbm_poisson,forecast_only,1.280000,month,2011-10,0.740780,110595.000000,139106.000000,0.228967,1.257796,2817
M2_gbm_poisson,forecast_only,1.280000,month,2011-11,0.742804,135879.000000,114723.000000,0.316643,0.844303,2776
M2_gbm_poisson,forecast_only,1.280000,abc,A,0.771403,359752.000000,374762.000000,0.350660,1.041723,4771
M2_gbm_poisson,forecast_only,1.280000,abc,B,0.652651,146384.000000,126456.000000,0.281036,0.863865,4825
M2_gbm_poisson,forecast_only,1.280000,abc,C,0.597032,78023.000000,103277.000000,0.163710,1.323674,6933
M2_gbm_poisson,forecast_only,1.645000,overall,all,0.733114,584159.000000,604495.000000,0.251921,1.034812,16529
M2_gbm_poisson,forecast_only,1.645000,month,2011-06,0.736481,71698.000000,89780.000000,0.237015,1.252197,2734
M2_gbm_poisson,forecast_only,1.645000,month,2011-07,0.748049,69192.000000,66630.000000,0.275158,0.962973,2693
M2_gbm_poisson,forecast_only,1.645000,month,2011-08,0.772811,65493.000000,105352.000000,0.177443,1.608599,2722
M2_gbm_poisson,forecast_only,1.645000,month,2011-09,0.670805,131302.000000,88904.000000,0.275565,0.677096,2787
M2_gbm_poisson,forecast_only,1.645000,month,2011-10,0.740780,110595.000000,139106.000000,0.228967,1.257796,2817
M2_gbm_poisson,forecast_only,1.645000,month,2011-11,0.742804,135879.000000,114723.000000,0.316643,0.844303,2776
M2_gbm_poisson,forecast_only,1.645000,abc,A,0.771403,359752.000000,374762.000000,0.350660,1.041723,4771
M2_gbm_poisson,forecast_only,1.645000,abc,B,0.652651,146384.000000,126456.000000,0.281036,0.863865,4825
M2_gbm_poisson,forecast_only,1.645000,abc,C,0.597032,78023.000000,103277.000000,0.163710,1.323674,6933
M2_gbm_poisson,forecast_only,2.050000,overall,all,0.733114,584159.000000,604495.000000,0.251921,1.034812,16529
M2_gbm_poisson,forecast_only,2.050000,month,2011-06,0.736481,71698.000000,89780.000000,0.237015,1.252197,2734
M2_gbm_poisson,forecast_only,2.050000,month,2011-07,0.748049,69192.000000,66630.000000,0.275158,0.962973,2693
M2_gbm_poisson,forecast_only,2.050000,month,2011-08,0.772811,65493.000000,105352.000000,0.177443,1.608599,2722
M2_gbm_poisson,forecast_only,2.050000,month,2011-09,0.670805,131302.000000,88904.000000,0.275565,0.677096,2787
M2_gbm_poisson,forecast_only,2.050000,month,2011-10,0.740780,110595.000000,139106.000000,0.228967,1.257796,2817
M2_gbm_poisson,forecast_only,2.050000,month,2011-11,0.742804,135879.000000,114723.000000,0.316643,0.844303,2776
M2_gbm_poisson,forecast_only,2.050000,abc,A,0.771403,359752.000000,374762.000000,0.350660,1.041723,4771
M2_gbm_poisson,forecast_only,2.050000,abc,B,0.652651,146384.000000,126456.000000,0.281036,0.863865,4825
M2_gbm_poisson,forecast_only,2.050000,abc,C,0.597032,78023.000000,103277.000000,0.163710,1.323674,6933
M2_gbm_poisson,forecast_plus_ss,1.280000,overall,all,0.880265,262074.000000,1880261.000000,0.088935,7.174542,16529
M2_gbm_poisson,forecast_plus_ss,1.280000,month,2011-06,0.888095,30447.000000,309336.000000,0.073519,10.159819,2734
M2_gbm_poisson,forecast_plus_ss,1.280000,month,2011-07,0.906287,25736.000000,289572.000000,0.085778,11.251632,2693
M2_gbm_poisson,forecast_plus_ss,1.280000,month,2011-08,0.927379,20935.000000,316200.000000,0.048126,15.103893,2722
M2_gbm_poisson,forecast_plus_ss,1.280000,month,2011-09,0.835989,65417.000000,288608.000000,0.109078,4.411820,2787
M2_gbm_poisson,forecast_plus_ss,1.280000,month,2011-10,0.861648,59027.000000,360829.000000,0.096202,6.112948,2817
M2_gbm_poisson,forecast_plus_ss,1.280000,month,2011-11,0.885461,60512.000000,315716.000000,0.119597,5.217411,2776
M2_gbm_poisson,forecast_plus_ss,1.280000,abc,A,0.916336,131666.000000,1271028.000000,0.102704,9.653426,4771
M2_gbm_poisson,forecast_plus_ss,1.280000,abc,B,0.817608,76866.000000,382427.000000,0.103834,4.975243,4825
M2_gbm_poisson,forecast_plus_ss,1.280000,abc,C,0.723470,53542.000000,226806.000000,0.069090,4.236039,6933
M2_gbm_poisson,forecast_plus_ss,1.645000,overall,all,0.898647,221840.000000,2295561.000000,0.073386,10.347823,16529
M2_gbm_poisson,forecast_plus_ss,1.645000,month,2011-06,0.903730,26193.000000,379412.000000,0.060717,14.485244,2734
M2_gbm_poisson,forecast_plus_ss,1.645000,month,2011-07,0.921675,21510.000000,361299.000000,0.067583,16.796792,2693
M2_gbm_poisson,forecast_plus_ss,1.645000,month,2011-08,0.941008,17006.000000,385086.000000,0.038575,22.644126,2722
M2_gbm_poisson,forecast_plus_ss,1.645000,month,2011-09,0.859554,56018.000000,354931.000000,0.093290,6.336017,2787
M2_gbm_poisson,forecast_plus_ss,1.645000,month,2011-10,0.880390,51031.000000,430788.000000,0.082002,8.441692,2817
M2_gbm_poisson,forecast_plus_ss,1.645000,month,2011-11,0.905203,50082.000000,384045.000000,0.096902,7.668324,2776
M2_gbm_poisson,forecast_plus_ss,1.645000,abc,A,0.933042,105374.000000,1565351.000000,0.082163,14.855192,4771
M2_gbm_poisson,forecast_plus_ss,1.645000,abc,B,0.841082,66973.000000,465286.000000,0.086425,6.947367,4825
M2_gbm_poisson,forecast_plus_ss,1.645000,abc,C,0.744382,49493.000000,264924.000000,0.058272,5.352757,6933
M2_gbm_poisson,forecast_plus_ss,2.050000,overall,all,0.913719,188852.000000,2768055.000000,0.060197,14.657271,16529
M2_gbm_poisson,forecast_plus_ss,2.050000,month,2011-06,0.917002,22582.000000,458277.000000,0.050841,20.293907,2734
M2_gbm_poisson,forecast_plus_ss,2.050000,month,2011-07,0.933396,18291.000000,442316.000000,0.054957,24.182166,2693
M2_gbm_poisson,forecast_plus_ss,2.050000,month,2011-08,0.952806,13605.000000,462480.000000,0.033064,33.993385,2722
M2_gbm_poisson,forecast_plus_ss,2.050000,month,2011-09,0.879521,48054.000000,431034.000000,0.076785,8.969784,2787
M2_gbm_poisson,forecast_plus_ss,2.050000,month,2011-10,0.895487,44590.000000,510797.000000,0.069933,11.455416,2817
M2_gbm_poisson,forecast_plus_ss,2.050000,month,2011-11,0.921012,41730.000000,463151.000000,0.074568,11.098754,2776
M2_gbm_poisson,forecast_plus_ss,2.050000,abc,A,0.945949,85062.000000,1900717.000000,0.062251,22.345078,4771
M2_gbm_poisson,forecast_plus_ss,2.050000,abc,B,0.862168,58087.000000,559409.000000,0.073368,9.630537,4825
M2_gbm_poisson,forecast_plus_ss,2.050000,abc,C,0.763956,45703.000000,307929.000000,0.049618,6.737610,6933
M3_gbm_squared,forecast_only,1.280000,overall,all,0.731869,586882.000000,656546.000000,0.226934,1.118702,16529
M3_gbm_squared,forecast_only,1.280000,month,2011-06,0.730983,73194.000000,92920.000000,0.223482,1.269503,2734
M3_gbm_squared,forecast_only,1.280000,month,2011-07,0.765236,64472.000000,80395.000000,0.248793,1.246975,2693
M3_gbm_squared,forecast_only,1.280000,month,2011-08,0.775847,64618.000000,114895.000000,0.171565,1.778065,2722
M3_gbm_squared,forecast_only,1.280000,month,2011-09,0.670459,131440.000000,102151.000000,0.242196,0.777168,2787
M3_gbm_squared,forecast_only,1.280000,month,2011-10,0.736404,112462.000000,142694.000000,0.209443,1.268820,2817
M3_gbm_squared,forecast_only,1.280000,month,2011-11,0.733686,140696.000000,123491.000000,0.265850,0.877715,2776
M3_gbm_squared,forecast_only,1.280000,abc,A,0.770486,361195.000000,377271.000000,0.351708,1.044508,4771
M3_gbm_squared,forecast_only,1.280000,abc,B,0.638841,152204.000000,135405.000000,0.265078,0.889628,4825
M3_gbm_squared,forecast_only,1.280000,abc,C,0.620480,73483.000000,143870.000000,0.114525,1.957868,6933
M3_gbm_squared,forecast_only,1.645000,overall,all,0.731869,586882.000000,656546.000000,0.226934,1.118702,16529
M3_gbm_squared,forecast_only,1.645000,month,2011-06,0.730983,73194.000000,92920.000000,0.223482,1.269503,2734
M3_gbm_squared,forecast_only,1.645000,month,2011-07,0.765236,64472.000000,80395.000000,0.248793,1.246975,2693
M3_gbm_squared,forecast_only,1.645000,month,2011-08,0.775847,64618.000000,114895.000000,0.171565,1.778065,2722
M3_gbm_squared,forecast_only,1.645000,month,2011-09,0.670459,131440.000000,102151.000000,0.242196,0.777168,2787
M3_gbm_squared,forecast_only,1.645000,month,2011-10,0.736404,112462.000000,142694.000000,0.209443,1.268820,2817
M3_gbm_squared,forecast_only,1.645000,month,2011-11,0.733686,140696.000000,123491.000000,0.265850,0.877715,2776
M3_gbm_squared,forecast_only,1.645000,abc,A,0.770486,361195.000000,377271.000000,0.351708,1.044508,4771
M3_gbm_squared,forecast_only,1.645000,abc,B,0.638841,152204.000000,135405.000000,0.265078,0.889628,4825
M3_gbm_squared,forecast_only,1.645000,abc,C,0.620480,73483.000000,143870.000000,0.114525,1.957868,6933
M3_gbm_squared,forecast_only,2.050000,overall,all,0.731869,586882.000000,656546.000000,0.226934,1.118702,16529
M3_gbm_squared,forecast_only,2.050000,month,2011-06,0.730983,73194.000000,92920.000000,0.223482,1.269503,2734
M3_gbm_squared,forecast_only,2.050000,month,2011-07,0.765236,64472.000000,80395.000000,0.248793,1.246975,2693
M3_gbm_squared,forecast_only,2.050000,month,2011-08,0.775847,64618.000000,114895.000000,0.171565,1.778065,2722
M3_gbm_squared,forecast_only,2.050000,month,2011-09,0.670459,131440.000000,102151.000000,0.242196,0.777168,2787
M3_gbm_squared,forecast_only,2.050000,month,2011-10,0.736404,112462.000000,142694.000000,0.209443,1.268820,2817
M3_gbm_squared,forecast_only,2.050000,month,2011-11,0.733686,140696.000000,123491.000000,0.265850,0.877715,2776
M3_gbm_squared,forecast_only,2.050000,abc,A,0.770486,361195.000000,377271.000000,0.351708,1.044508,4771
M3_gbm_squared,forecast_only,2.050000,abc,B,0.638841,152204.000000,135405.000000,0.265078,0.889628,4825
M3_gbm_squared,forecast_only,2.050000,abc,C,0.620480,73483.000000,143870.000000,0.114525,1.957868,6933
M3_gbm_squared,forecast_plus_ss,1.280000,overall,all,0.879047,264742.000000,1977162.000000,0.082401,7.468260,16529
M3_gbm_squared,forecast_plus_ss,1.280000,month,2011-06,0.890708,29736.000000,322664.000000,0.072787,10.850955,2734
M3_gbm_squared,forecast_plus_ss,1.280000,month,2011-07,0.912051,24153.000000,313614.000000,0.076123,12.984474,2693
M3_gbm_squared,forecast_plus_ss,1.280000,month,2011-08,0.932748,19387.000000,334033.000000,0.046289,17.229742,2722
M3_gbm_squared,forecast_plus_ss,1.280000,month,2011-09,0.838496,64417.000000,307804.000000,0.102260,4.778304,2787
M3_gbm_squared,forecast_plus_ss,1.280000,month,2011-10,0.853239,62615.000000,371568.000000,0.092297,5.934169,2817
M3_gbm_squared,forecast_plus_ss,1.280000,month,2011-11,0.878037,64434.000000,327479.000000,0.103386,5.082394,2776
M3_gbm_squared,forecast_plus_ss,1.280000,abc,A,0.916494,131416.000000,1305968.000000,0.101237,9.937664,4771
M3_gbm_squared,forecast_plus_ss,1.280000,abc,B,0.806683,81470.000000,397411.000000,0.100933,4.878004,4825
M3_gbm_squared,forecast_plus_ss,1.280000,abc,C,0.732178,51856.000000,273783.000000,0.056541,5.279678,6933
M3_gbm_squared,forecast_plus_ss,1.645000,overall,all,0.898059,223127.000000,2403832.000000,0.068123,10.773380,16529
M3_gbm_squared,forecast_plus_ss,1.645000,month,2011-06,0.907924,25052.000000,395862.000000,0.057425,15.801613,2734
M3_gbm_squared,forecast_plus_ss,1.645000,month,2011-07,0.926758,20114.000000,387582.000000,0.060156,19.269265,2693
M3_gbm_squared,forecast_plus_ss,1.645000,month,2011-08,0.947502,15134.000000,405060.000000,0.037105,26.764900,2722
M3_gbm_squared,forecast_plus_ss,1.645000,month,2011-09,0.861993,55045.000000,376132.000000,0.087549,6.833173,2787
M3_gbm_squared,forecast_plus_ss,1.645000,month,2011-10,0.871586,54787.000000,443197.000000,0.076322,8.089456,2817
M3_gbm_squared,forecast_plus_ss,1.645000,month,2011-11,0.899689,52995.000000,395999.000000,0.088977,7.472384,2776
M3_gbm_squared,forecast_plus_ss,1.645000,abc,A,0.934129,103663.000000,1608549.000000,0.079438,15.517099,4771
M3_gbm_squared,forecast_plus_ss,1.645000,abc,B,0.830824,71296.000000,482129.000000,0.083938,6.762357,4825
M3_gbm_squared,forecast_plus_ss,1.645000,abc,C,0.751225,48168.000000,313154.000000,0.049329,6.501287,6933
M3_gbm_squared,forecast_plus_ss,2.050000,overall,all,0.914360,187449.000000,2887874.000000,0.056265,15.406185,16529
M3_gbm_squared,forecast_plus_ss,2.050000,month,2011-06,0.920611,21600.000000,478888.000000,0.047915,22.170741,2734
M3_gbm_squared,forecast_plus_ss,2.050000,month,2011-07,0.937741,17098.000000,471121.000000,0.047902,27.554158,2693
M3_gbm_squared,forecast_plus_ss,2.050000,month,2011-08,0.959972,11539.000000,485054.000000,0.028655,42.036052,2722
M3_gbm_squared,forecast_plus_ss,2.050000,month,2011-09,0.883655,46405.000000,453738.000000,0.072121,9.777783,2787
M3_gbm_squared,forecast_plus_ss,2.050000,month,2011-10,0.887750,47891.000000,524439.000000,0.068868,10.950680,2817
M3_gbm_squared,forecast_plus_ss,2.050000,month,2011-11,0.918767,42916.000000,474634.000000,0.070965,11.059605,2776
M3_gbm_squared,forecast_plus_ss,2.050000,abc,A,0.948796,80581.000000,1952006.000000,0.062670,24.224147,4771
M3_gbm_squared,forecast_plus_ss,2.050000,abc,B,0.852607,62116.000000,578214.000000,0.069845,9.308616,4825
M3_gbm_squared,forecast_plus_ss,2.050000,abc,C,0.768868,44752.000000,357654.000000,0.042406,7.991911,6933
M4_gbm_absolute,forecast_only,1.280000,overall,all,0.612910,847259.000000,271830.000000,0.423317,0.320835,16529
M4_gbm_absolute,forecast_only,1.280000,month,2011-06,0.626697,101568.000000,40014.000000,0.411485,0.393963,2734
M4_gbm_absolute,forecast_only,1.280000,month,2011-07,0.656164,94426.000000,35745.000000,0.442629,0.378550,2693
M4_gbm_absolute,forecast_only,1.280000,month,2011-08,0.655941,99184.000000,40717.000000,0.374357,0.410520,2722
M4_gbm_absolute,forecast_only,1.280000,month,2011-09,0.549835,179552.000000,38757.000000,0.438105,0.215854,2787
M4_gbm_absolute,forecast_only,1.280000,month,2011-10,0.624667,160134.000000,67239.000000,0.385517,0.419892,2817
M4_gbm_absolute,forecast_only,1.280000,month,2011-11,0.597972,212395.000000,49358.000000,0.487752,0.232388,2776
M4_gbm_absolute,forecast_only,1.280000,abc,A,0.662023,531888.000000,183321.000000,0.497170,0.344661,4771
M4_gbm_absolute,forecast_only,1.280000,abc,B,0.512764,205337.000000,55495.000000,0.462798,0.270263,4825
M4_gbm_absolute,forecast_only,1.280000,abc,C,0.431704,110034.000000,33014.000000,0.345017,0.300035,6933
M4_gbm_absolute,forecast_only,1.645000,overall,all,0.612910,847259.000000,271830.000000,0.423317,0.320835,16529
M4_gbm_absolute,forecast_only,1.645000,month,2011-06,0.626697,101568.000000,40014.000000,0.411485,0.393963,2734
M4_gbm_absolute,forecast_only,1.645000,month,2011-07,0.656164,94426.000000,35745.000000,0.442629,0.378550,2693
M4_gbm_absolute,forecast_only,1.645000,month,2011-08,0.655941,99184.000000,40717.000000,0.374357,0.410520,2722
M4_gbm_absolute,forecast_only,1.645000,month,2011-09,0.549835,179552.000000,38757.000000,0.438105,0.215854,2787
M4_gbm_absolute,forecast_only,1.645000,month,2011-10,0.624667,160134.000000,67239.000000,0.385517,0.419892,2817
M4_gbm_absolute,forecast_only,1.645000,month,2011-11,0.597972,212395.000000,49358.000000,0.487752,0.232388,2776
M4_gbm_absolute,forecast_only,1.645000,abc,A,0.662023,531888.000000,183321.000000,0.497170,0.344661,4771
M4_gbm_absolute,forecast_only,1.645000,abc,B,0.512764,205337.000000,55495.000000,0.462798,0.270263,4825
M4_gbm_absolute,forecast_only,1.645000,abc,C,0.431704,110034.000000,33014.000000,0.345017,0.300035,6933
M4_gbm_absolute,forecast_only,2.050000,overall,all,0.612910,847259.000000,271830.000000,0.423317,0.320835,16529
M4_gbm_absolute,forecast_only,2.050000,month,2011-06,0.626697,101568.000000,40014.000000,0.411485,0.393963,2734
M4_gbm_absolute,forecast_only,2.050000,month,2011-07,0.656164,94426.000000,35745.000000,0.442629,0.378550,2693
M4_gbm_absolute,forecast_only,2.050000,month,2011-08,0.655941,99184.000000,40717.000000,0.374357,0.410520,2722
M4_gbm_absolute,forecast_only,2.050000,month,2011-09,0.549835,179552.000000,38757.000000,0.438105,0.215854,2787
M4_gbm_absolute,forecast_only,2.050000,month,2011-10,0.624667,160134.000000,67239.000000,0.385517,0.419892,2817
M4_gbm_absolute,forecast_only,2.050000,month,2011-11,0.597972,212395.000000,49358.000000,0.487752,0.232388,2776
M4_gbm_absolute,forecast_only,2.050000,abc,A,0.662023,531888.000000,183321.000000,0.497170,0.344661,4771
M4_gbm_absolute,forecast_only,2.050000,abc,B,0.512764,205337.000000,55495.000000,0.462798,0.270263,4825
M4_gbm_absolute,forecast_only,2.050000,abc,C,0.431704,110034.000000,33014.000000,0.345017,0.300035,6933
M4_gbm_absolute,forecast_plus_ss,1.280000,overall,all,0.813871,407398.000000,1237433.000000,0.169097,3.037406,16529
M4_gbm_absolute,forecast_plus_ss,1.280000,month,2011-06,0.849783,40871.000000,209954.000000,0.147403,5.136992,2734
M4_gbm_absolute,forecast_plus_ss,1.280000,month,2011-07,0.866636,36625.000000,209286.000000,0.155960,5.714294,2693
M4_gbm_absolute,forecast_plus_ss,1.280000,month,2011-08,0.878901,34910.000000,202381.000000,0.113887,5.797221,2722
M4_gbm_absolute,forecast_plus_ss,1.280000,month,2011-09,0.778751,88247.000000,180169.000000,0.203086,2.041644,2787
M4_gbm_absolute,forecast_plus_ss,1.280000,month,2011-10,0.783307,92451.000000,238494.000000,0.164714,2.579680,2817
M4_gbm_absolute,forecast_plus_ss,1.280000,month,2011-11,0.783661,114294.000000,197149.000000,0.227666,1.724929,2776
M4_gbm_absolute,forecast_plus_ss,1.280000,abc,A,0.867587,208384.000000,894087.000000,0.154265,4.290574,4771
M4_gbm_absolute,forecast_plus_ss,1.280000,abc,B,0.712466,121176.000000,241510.000000,0.176788,1.993051,4825
M4_gbm_absolute,forecast_plus_ss,1.280000,abc,C,0.597988,77838.000000,101836.000000,0.173951,1.308307,6933
M4_gbm_absolute,forecast_plus_ss,1.645000,overall,all,0.840496,349121.000000,1580313.000000,0.139149,4.526548,16529
M4_gbm_absolute,forecast_plus_ss,1.645000,month,2011-06,0.873305,34471.000000,269412.000000,0.117045,7.815613,2734
M4_gbm_absolute,forecast_plus_ss,1.645000,month,2011-07,0.887989,30761.000000,269430.000000,0.127367,8.758818,2693
M4_gbm_absolute,forecast_plus_ss,1.645000,month,2011-08,0.903492,27821.000000,259804.000000,0.088170,9.338413,2722
M4_gbm_absolute,forecast_plus_ss,1.645000,month,2011-09,0.806959,76996.000000,235348.000000,0.170075,3.056626,2787
M4_gbm_absolute,forecast_plus_ss,1.645000,month,2011-10,0.808954,81509.000000,295757.000000,0.139155,3.628520,2817
M4_gbm_absolute,forecast_plus_ss,1.645000,month,2011-11,0.815330,97563.000000,250562.000000,0.191282,2.568207,2776
M4_gbm_absolute,forecast_plus_ss,1.645000,abc,A,0.893186,168098.000000,1148756.000000,0.119681,6.833847,4771
M4_gbm_absolute,forecast_plus_ss,1.645000,abc,B,0.742343,108585.000000,306056.000000,0.141762,2.818585,4825
M4_gbm_absolute,forecast_plus_ss,1.645000,abc,C,0.625877,72438.000000,125501.000000,0.150728,1.732530,6933
M4_gbm_absolute,forecast_plus_ss,2.050000,overall,all,0.862587,300769.000000,1976988.000000,0.116341,6.573111,16529
M4_gbm_absolute,forecast_plus_ss,2.050000,month,2011-06,0.891204,29601.000000,337556.000000,0.095099,11.403534,2734
M4_gbm_absolute,forecast_plus_ss,2.050000,month,2011-07,0.904801,26144.000000,338115.000000,0.106573,12.932795,2693
M4_gbm_absolute,forecast_plus_ss,2.050000,month,2011-08,0.923781,21972.000000,325481.000000,0.071271,14.813444,2722
M4_gbm_absolute,forecast_plus_ss,2.050000,month,2011-09,0.828713,68319.000000,300341.000000,0.143524,4.396156,2787
M4_gbm_absolute,forecast_plus_ss,2.050000,month,2011-10,0.832191,71595.000000,361534.000000,0.120341,5.049710,2817
M4_gbm_absolute,forecast_plus_ss,2.050000,month,2011-11,0.842634,83138.000000,313961.000000,0.159582,3.776384,2776
M4_gbm_absolute,forecast_plus_ss,2.050000,abc,A,0.913725,135775.000000,1443693.000000,0.090757,10.632981,4771
M4_gbm_absolute,forecast_plus_ss,2.050000,abc,B,0.768482,97569.000000,380635.000000,0.117306,3.901188,4825
M4_gbm_absolute,forecast_plus_ss,2.050000,abc,C,0.651768,67425.000000,152660.000000,0.133276,2.264145,6933
